U(kV),D1(mm),D2(mm),R1(mm),R2(mm),Wavelength(pm),d1_wo_app(pm),d2_wo_app(pm)
1.7,30.990,38.705,15.499,19.35,42.06606340081496,349.6470069557876,278.595342432547
2.0,28.630,36.540,14.315,18.27,38.78299416671147,349.4955067260204,272.4718607823401
2.4,26.605,33.690,13.303,16.845,35.403867921165244,343.68231265120244,270.3014503574974
2.8,24.855,31.180,12.428,15.59,32.777612531107444,340.8823835135788,270.8228925120259
3.2,22.910,29.435,11.455,14.718,30.660649011958064,346.25618744533017,268.61423606505065
3.6,20.505,27.080,10.253,13.54,28.907137109248225,365.08446499477424,275.63665466207567
4.0,20.395,25.415,10.198,12.708,27.42371817,348.23222691837816,278.8440355768307
