Color,n,m,Theta_R(M),Theta_R(V),Theta_R,Theta_L(M),Theta_L(V),Theta_L,Theta_average,Wavelength,Wavelength_inv,diff,Rydebergs,percentage_error
b,6,1,262.5,23,262.8833333,293,6,293.1,15.10833335000001,4.3527703054437986e-07,2297387.479301052,0.2222222222222222,10338243.656854736,5.790991949412808
bv,5,1,262,6,262.1,294,12,294.2,16.049999999999983,4.6171510342274753e-07,2165837.7484013066,0.21,10313513.087625269,6.016353478214622
bg,4,1,261,9,261.15,295,8,295.1333333,16.991666650000013,4.880284628147517e-07,2049060.8154950687,0.1875,10928324.349307032,0.41378102743234935
r,3,1,255,10,255.1666667,301,25,301.4166667,23.125,6.558731732312386e-07,1524685.016576267,0.1388888888888889,10977732.119349122,0.03645570137318037
b,6,2,247.5,15,247.75,308.5,11,308.6833333,30.466666650000008,4.2337589610265834e-07,2361967.2475580056,0.2222222222222222,10628852.614011025,3.1427682768979177
bv,5,2,246.5,22,246.8666667,310,3,310.05,31.591666650000008,4.37424787968756e-07,2286107.297768016,0.21,10886225.227466743,0.7974164533341858
bg,4,2,243.5,17,243.7833333,314.5,17,314.7833333,35.499999999999986,4.848869680186345e-07,2062336.3091943718,0.1875,10999126.982369984,0.23142003859279353
r,3,2,226,7,226.1166667,327.5,13,327.7166667,50.80000000000001,6.4707864806799e-07,1545407.1973874306,0.1388888888888889,11126931.8211895,1.3960634237647551
